service,Connector String,percent_uptime,Error Message,New Relic Log Link,Create Exclusion Height Ticket
adp_workforce_now,Fbtlaw/SnowflakePC/adp_workforce_now/adp_workforce_now,0.989143685381362,"Could not fetch error message, Please check using new relic log link","=HYPERLINK(""https://one.newrelic.com/launcher/logger.log-launcher?launcher=eyJxdWVyeSI6ICJsYWJlbHMuYXBwLmt1YmVybmV0ZXMuaW8vbmFtZTpcImRvbmtleVwiIE9SIGxhYmVscy5hcHA6ZG9ua2V5IGxhYmVscy5jb25uZWN0b3ItZGV0YWlsOidGYnRsYXcvU25vd2ZsYWtlUEMvYWRwX3dvcmtmb3JjZV9ub3cvYWRwX3dvcmtmb3JjZV9ub3cnIGxldmVsOlNFVkVSRSIsICJiZWdpbiI6IDE3MDcyNzc3ODI5NjUsICJlbmQiOiAxNzA3MzY0MTgyOTY1LCAiaXNFbnRpdGxlZCI6IHRydWUsICJhdHRycyI6IFsidGltZXN0YW1wIiwgImxldmVsIiwgImV2ZW50X3N1bW1hcnkiLCAibWVzc2FnZSIsICJleGNlcHRpb24iLCAidGltZSJdfQ==&platform[accountId]=2880887&platform[timeRange][begin_time]=1707277782965&platform[timeRange][end_time]=1707364182965"", ""Fbtlaw/SnowflakePC/adp_workforce_now/adp_workforce_now"")","=HYPERLINK(""https://fivetran.height.app/?newTask=saha-connector-uptime-exclusions-STwOMcjPhK3o"",""Create exclusion ticket"")"
adp_workforce_now,Joingroups/SnowflakePC/adp_workforce_now/adp_workforce_now,0.9948700636466875,"Could not fetch error message, Please check using new relic log link","=HYPERLINK(""https://one.newrelic.com/launcher/logger.log-launcher?launcher=eyJxdWVyeSI6ICJsYWJlbHMuYXBwLmt1YmVybmV0ZXMuaW8vbmFtZTpcImRvbmtleVwiIE9SIGxhYmVscy5hcHA6ZG9ua2V5IGxhYmVscy5jb25uZWN0b3ItZGV0YWlsOidKb2luZ3JvdXBzL1Nub3dmbGFrZVBDL2FkcF93b3JrZm9yY2Vfbm93L2FkcF93b3JrZm9yY2Vfbm93JyBsZXZlbDpTRVZFUkUiLCAiYmVnaW4iOiAxNzA3Mjc3NzgyOTY1LCAiZW5kIjogMTcwNzM2NDE4Mjk2NSwgImlzRW50aXRsZWQiOiB0cnVlLCAiYXR0cnMiOiBbInRpbWVzdGFtcCIsICJsZXZlbCIsICJldmVudF9zdW1tYXJ5IiwgIm1lc3NhZ2UiLCAiZXhjZXB0aW9uIiwgInRpbWUiXX0=&platform[accountId]=2880887&platform[timeRange][begin_time]=1707277782965&platform[timeRange][end_time]=1707364182965"", ""Joingroups/SnowflakePC/adp_workforce_now/adp_workforce_now"")","=HYPERLINK(""https://fivetran.height.app/?newTask=saha-connector-uptime-exclusions-STwOMcjPhK3o"",""Create exclusion ticket"")"
anaplan,Okta/Warehouse/anaplan/anaplan_headcount,0.9986049798084513,"Failure(origin=(informer=(type=connector, externalName=Anaplan Connector), server=(name=Anaplan, type=SOURCE)), code=client, message=Unknown client failure.)
	at com.fivetran.integrations.anaplan.AnaplanFailureMapper.toFailure(AnaplanFailureMapper.java:40)
	at com.fivetran.faulttaxonomy.framework.utils.FailureMapper.fromException(FailureMapper.java:34)
	at com.fivetran.integrations.anaplan.AnaplanFailureMapper.fromException(AnaplanFailureMapper.java:27)
	at com.fivetran.integrations.anaplan.api.AnaplanApi.request(AnaplanApi.java:325)
	at com.fivetran.integrations.anaplan.api.AnaplanApi.get(AnaplanApi.java:270)
	at com.fivetran.integrations.anaplan.api.AnaplanApi.exports(AnaplanApi.java:150)
	at java.base/java.util.stream.ReferencePipeline$3$1.accept(ReferencePipeline.java:197)
	at java.base/java.util.ArrayList$ArrayListSpliterator.forEachRemaining(ArrayList.java:1625)
	at java.base/java.util.stream.AbstractPipeline.copyInto(AbstractPipeline.java:509)
	at java.base/java.util.stream.AbstractPipeline.wrapAndCopyInto(AbstractPipeline.java:499)
	at java.base/java.util.stream.ReduceOps$ReduceTask.doLeaf(ReduceOps.java:960)
	at java.base/java.util.stream.ReduceOps$ReduceTask.doLeaf(ReduceOps.java:934)
	at java.base/java.util.stream.AbstractTask.compute(AbstractTask.java:327)
	at java.base/java.util.concurrent.CountedCompleter.exec(CountedCompleter.java:754)
	at java.base/java.util.concurrent.ForkJoinTask.doExec(ForkJoinTask.java:373)
	at java.base/java.util.concurrent.ForkJoinPool$WorkQueue.topLevelExec(ForkJoinPool.java:1182)
	at java.base/java.util.concurrent.ForkJoinPool.scan(ForkJoinPool.java:1655)
	at java.base/java.util.concurrent.ForkJoinPool.runWorker(ForkJoinPool.java:1622)
	at java.base/java.util.concurrent.ForkJoinWorkerThread.run(ForkJoinWorkerThread.java:165)
Caused by: javax.ws.rs.NotFoundException: HTTP 404 Not Found
	at org.glassfish.jersey.client.JerseyInvocation.convertToException(JerseyInvocation.java:948)
	at org.glassfish.jersey.client.JerseyInvocation.translate(JerseyInvocation.java:794)
	at org.glassfish.jersey.client.JerseyInvocation.lambda$invoke$2(JerseyInvocation.java:687)
	at org.glassfish.jersey.client.JerseyInvocation.call(JerseyInvocation.java:697)
	at org.glassfish.jersey.client.JerseyInvocation.lambda$runInScope$3(JerseyInvocation.java:691)
	at org.glassfish.jersey.internal.Errors.process(Errors.java:292)
	at org.glassfish.jersey.internal.Errors.process(Errors.java:274)
	at org.glassfish.jersey.internal.Errors.process(Errors.java:205)
	at org.glassfish.jersey.process.internal.RequestScope.runInScope(RequestScope.java:390)
	at org.glassfish.jersey.client.JerseyInvocation.runInScope(JerseyInvocation.java:691)
	at org.glassfish.jersey.client.JerseyInvocation.invoke(JerseyInvocation.java:686)
	at org.glassfish.jersey.client.JerseyInvocation$Builder.method(JerseyInvocation.java:432)
	at org.glassfish.jersey.client.JerseyInvocation$Builder.get(JerseyInvocation.java:323)
	at com.fivetran.integrations.anaplan.api.AnaplanApi.lambda$get$3(AnaplanApi.java:273)
	at com.fivetran.integrations.anaplan.api.AnaplanApi.request(AnaplanApi.java:305)
	... 15 more","=HYPERLINK(""https://one.newrelic.com/launcher/logger.log-launcher?launcher=eyJxdWVyeSI6ICJsYWJlbHMuYXBwLmt1YmVybmV0ZXMuaW8vbmFtZTpcImRvbmtleVwiIE9SIGxhYmVscy5hcHA6ZG9ua2V5IGxhYmVscy5jb25uZWN0b3ItZGV0YWlsOidPa3RhL1dhcmVob3VzZS9hbmFwbGFuL2FuYXBsYW5faGVhZGNvdW50JyBsZXZlbDpTRVZFUkUiLCAiYmVnaW4iOiAxNzA3Mjc3NzgyOTY1LCAiZW5kIjogMTcwNzM2NDE4Mjk2NSwgImlzRW50aXRsZWQiOiB0cnVlLCAiYXR0cnMiOiBbInRpbWVzdGFtcCIsICJsZXZlbCIsICJldmVudF9zdW1tYXJ5IiwgIm1lc3NhZ2UiLCAiZXhjZXB0aW9uIiwgInRpbWUiXX0=&platform[accountId]=2880887&platform[timeRange][begin_time]=1707277782965&platform[timeRange][end_time]=1707364182965"", ""Okta/Warehouse/anaplan/anaplan_headcount"")","=HYPERLINK(""https://fivetran.height.app/?newTask=saha-connector-uptime-exclusions-STwOMcjPhK3o"",""Create exclusion ticket"")"
anaplan,Okta/Warehouse/anaplan/anaplan,0.9622178412355814,"Failure(origin=(informer=(type=connector, externalName=Anaplan Connector), server=(name=Anaplan, type=SOURCE)), code=client, message=Unknown client failure.)
	at com.fivetran.integrations.anaplan.AnaplanFailureMapper.toFailure(AnaplanFailureMapper.java:40)
	at com.fivetran.faulttaxonomy.framework.utils.FailureMapper.fromException(FailureMapper.java:34)
	at com.fivetran.integrations.anaplan.AnaplanFailureMapper.fromException(AnaplanFailureMapper.java:27)
	at com.fivetran.integrations.anaplan.api.AnaplanApi.request(AnaplanApi.java:325)
	at com.fivetran.integrations.anaplan.api.AnaplanApi.get(AnaplanApi.java:270)
	at com.fivetran.integrations.anaplan.api.AnaplanApi.exports(AnaplanApi.java:150)
	at java.base/java.util.stream.ReferencePipeline$3$1.accept(ReferencePipeline.java:197)
	at java.base/java.util.ArrayList$ArrayListSpliterator.forEachRemaining(ArrayList.java:1625)
	at java.base/java.util.stream.AbstractPipeline.copyInto(AbstractPipeline.java:509)
	at java.base/java.util.stream.AbstractPipeline.wrapAndCopyInto(AbstractPipeline.java:499)
	at java.base/java.util.stream.ReduceOps$ReduceTask.doLeaf(ReduceOps.java:960)
	at java.base/java.util.stream.ReduceOps$ReduceTask.doLeaf(ReduceOps.java:934)
	at java.base/java.util.stream.AbstractTask.compute(AbstractTask.java:327)
	at java.base/java.util.concurrent.CountedCompleter.exec(CountedCompleter.java:754)
	at java.base/java.util.concurrent.ForkJoinTask.doExec(ForkJoinTask.java:373)
	at java.base/java.util.concurrent.ForkJoinPool$WorkQueue.topLevelExec(ForkJoinPool.java:1182)
	at java.base/java.util.concurrent.ForkJoinPool.scan(ForkJoinPool.java:1655)
	at java.base/java.util.concurrent.ForkJoinPool.runWorker(ForkJoinPool.java:1622)
	at java.base/java.util.concurrent.ForkJoinWorkerThread.run(ForkJoinWorkerThread.java:165)
Caused by: javax.ws.rs.NotFoundException: HTTP 404 Not Found
	at org.glassfish.jersey.client.JerseyInvocation.convertToException(JerseyInvocation.java:948)
	at org.glassfish.jersey.client.JerseyInvocation.translate(JerseyInvocation.java:794)
	at org.glassfish.jersey.client.JerseyInvocation.lambda$invoke$2(JerseyInvocation.java:687)
	at org.glassfish.jersey.client.JerseyInvocation.call(JerseyInvocation.java:697)
	at org.glassfish.jersey.client.JerseyInvocation.lambda$runInScope$3(JerseyInvocation.java:691)
	at org.glassfish.jersey.internal.Errors.process(Errors.java:292)
	at org.glassfish.jersey.internal.Errors.process(Errors.java:274)
	at org.glassfish.jersey.internal.Errors.process(Errors.java:205)
	at org.glassfish.jersey.process.internal.RequestScope.runInScope(RequestScope.java:390)
	at org.glassfish.jersey.client.JerseyInvocation.runInScope(JerseyInvocation.java:691)
	at org.glassfish.jersey.client.JerseyInvocation.invoke(JerseyInvocation.java:686)
	at org.glassfish.jersey.client.JerseyInvocation$Builder.method(JerseyInvocation.java:432)
	at org.glassfish.jersey.client.JerseyInvocation$Builder.get(JerseyInvocation.java:323)
	at com.fivetran.integrations.anaplan.api.AnaplanApi.lambda$get$3(AnaplanApi.java:273)
	at com.fivetran.integrations.anaplan.api.AnaplanApi.request(AnaplanApi.java:305)
	... 15 more","=HYPERLINK(""https://one.newrelic.com/launcher/logger.log-launcher?launcher=eyJxdWVyeSI6ICJsYWJlbHMuYXBwLmt1YmVybmV0ZXMuaW8vbmFtZTpcImRvbmtleVwiIE9SIGxhYmVscy5hcHA6ZG9ua2V5IGxhYmVscy5jb25uZWN0b3ItZGV0YWlsOidPa3RhL1dhcmVob3VzZS9hbmFwbGFuL2FuYXBsYW4nIGxldmVsOlNFVkVSRSIsICJiZWdpbiI6IDE3MDcyNzc3ODI5NjUsICJlbmQiOiAxNzA3MzY0MTgyOTY1LCAiaXNFbnRpdGxlZCI6IHRydWUsICJhdHRycyI6IFsidGltZXN0YW1wIiwgImxldmVsIiwgImV2ZW50X3N1bW1hcnkiLCAibWVzc2FnZSIsICJleGNlcHRpb24iLCAidGltZSJdfQ==&platform[accountId]=2880887&platform[timeRange][begin_time]=1707277782965&platform[timeRange][end_time]=1707364182965"", ""Okta/Warehouse/anaplan/anaplan"")","=HYPERLINK(""https://fivetran.height.app/?newTask=saha-connector-uptime-exclusions-STwOMcjPhK3o"",""Create exclusion ticket"")"
anaplan,Louis_Vuitton_Malletier/PRD_datalake/anaplan/lv_bqd_prd_dp_anaplan_normalized,0.7402553309695864,"Failure(origin=(informer=(type=connector, externalName=Anaplan Connector), server=(name=Anaplan, type=SOURCE)), code=client, message=Unknown client failure.)
	at com.fivetran.integrations.anaplan.AnaplanFailureMapper.toFailure(AnaplanFailureMapper.java:40)
	at com.fivetran.faulttaxonomy.framework.utils.FailureMapper.fromException(FailureMapper.java:34)
	at com.fivetran.integrations.anaplan.AnaplanFailureMapper.fromException(AnaplanFailureMapper.java:27)
	at com.fivetran.integrations.anaplan.api.AnaplanApi.request(AnaplanApi.java:325)
	at com.fivetran.integrations.anaplan.api.AnaplanApi.get(AnaplanApi.java:270)
	at com.fivetran.integrations.anaplan.api.AnaplanApi.exports(AnaplanApi.java:150)
	at java.base/java.util.stream.ReferencePipeline$3$1.accept(ReferencePipeline.java:197)
	at java.base/java.util.ArrayList$ArrayListSpliterator.forEachRemaining(ArrayList.java:1625)
	at java.base/java.util.stream.AbstractPipeline.copyInto(AbstractPipeline.java:509)
	at java.base/java.util.stream.AbstractPipeline.wrapAndCopyInto(AbstractPipeline.java:499)
	at java.base/java.util.stream.ReduceOps$ReduceTask.doLeaf(ReduceOps.java:960)
	at java.base/java.util.stream.ReduceOps$ReduceTask.doLeaf(ReduceOps.java:934)
	at java.base/java.util.stream.AbstractTask.compute(AbstractTask.java:327)
	at java.base/java.util.concurrent.CountedCompleter.exec(CountedCompleter.java:754)
	at java.base/java.util.concurrent.ForkJoinTask.doExec(ForkJoinTask.java:373)
	at java.base/java.util.concurrent.ForkJoinPool$WorkQueue.topLevelExec(ForkJoinPool.java:1182)
	at java.base/java.util.concurrent.ForkJoinPool.scan(ForkJoinPool.java:1655)
	at java.base/java.util.concurrent.ForkJoinPool.runWorker(ForkJoinPool.java:1622)
	at java.base/java.util.concurrent.ForkJoinWorkerThread.run(ForkJoinWorkerThread.java:165)
Caused by: javax.ws.rs.NotFoundException: HTTP 404 Not Found
	at org.glassfish.jersey.client.JerseyInvocation.convertToException(JerseyInvocation.java:948)
	at org.glassfish.jersey.client.JerseyInvocation.translate(JerseyInvocation.java:794)
	at org.glassfish.jersey.client.JerseyInvocation.lambda$invoke$2(JerseyInvocation.java:687)
	at org.glassfish.jersey.client.JerseyInvocation.call(JerseyInvocation.java:697)
	at org.glassfish.jersey.client.JerseyInvocation.lambda$runInScope$3(JerseyInvocation.java:691)
	at org.glassfish.jersey.internal.Errors.process(Errors.java:292)
	at org.glassfish.jersey.internal.Errors.process(Errors.java:274)
	at org.glassfish.jersey.internal.Errors.process(Errors.java:205)
	at org.glassfish.jersey.process.internal.RequestScope.runInScope(RequestScope.java:390)
	at org.glassfish.jersey.client.JerseyInvocation.runInScope(JerseyInvocation.java:691)
	at org.glassfish.jersey.client.JerseyInvocation.invoke(JerseyInvocation.java:686)
	at org.glassfish.jersey.client.JerseyInvocation$Builder.method(JerseyInvocation.java:432)
	at org.glassfish.jersey.client.JerseyInvocation$Builder.get(JerseyInvocation.java:323)
	at com.fivetran.integrations.anaplan.api.AnaplanApi.lambda$get$3(AnaplanApi.java:273)
	at com.fivetran.integrations.anaplan.api.AnaplanApi.request(AnaplanApi.java:305)
	... 15 more","=HYPERLINK(""https://one.newrelic.com/launcher/logger.log-launcher?launcher=eyJxdWVyeSI6ICJsYWJlbHMuYXBwLmt1YmVybmV0ZXMuaW8vbmFtZTpcImRvbmtleVwiIE9SIGxhYmVscy5hcHA6ZG9ua2V5IGxhYmVscy5jb25uZWN0b3ItZGV0YWlsOidMb3Vpc19WdWl0dG9uX01hbGxldGllci9QUkRfZGF0YWxha2UvYW5hcGxhbi9sdl9icWRfcHJkX2RwX2FuYXBsYW5fbm9ybWFsaXplZCcgbGV2ZWw6U0VWRVJFIiwgImJlZ2luIjogMTcwNzI3Nzc4Mjk2NSwgImVuZCI6IDE3MDczNjQxODI5NjUsICJpc0VudGl0bGVkIjogdHJ1ZSwgImF0dHJzIjogWyJ0aW1lc3RhbXAiLCAibGV2ZWwiLCAiZXZlbnRfc3VtbWFyeSIsICJtZXNzYWdlIiwgImV4Y2VwdGlvbiIsICJ0aW1lIl19&platform[accountId]=2880887&platform[timeRange][begin_time]=1707277782965&platform[timeRange][end_time]=1707364182965"", ""Louis_Vuitton_Malletier/PRD_datalake/anaplan/lv_bqd_prd_dp_anaplan_normalized"")","=HYPERLINK(""https://fivetran.height.app/?newTask=saha-connector-uptime-exclusions-STwOMcjPhK3o"",""Create exclusion ticket"")"
coupa,OutSystems/Warehouse/coupa/coupa,0.9906009126098116,"com.fivetran.integrations.isolated_endpoint_sync.IsolatedEndpointSyncException: Failed to sync 1 endpoint(s) with error: {InvoiceHeader=java.lang.RuntimeException: Unknown Instant format found: 2013-12-26 (through reference chain: java.lang.Object[][16]->com.fivetran.integrations.coupa.model.InvoiceHeader[""invoice-from-address""]->com.fivetran.integrations.coupa.model.SupplierRemitTo[""registered-company""]->com.fivetran.integrations.coupa.model.RegisteredCompany[""date-of-registration""])}
	at com.fivetran.integrations.isolated_endpoint_sync.IsolatedEndpointSync.close(IsolatedEndpointSync.java:75)
	at com.fivetran.integrations.coupa.CoupaUpdater.update(CoupaUpdater.java:307)
	at com.fivetran.integrations.coupa.CoupaService.update(CoupaService.java:121)
	at com.fivetran.integrations.coupa.CoupaService.update(CoupaService.java:26)
	at com.fivetran.donkey.decoupled.BridgeConnectorSegment.runConnectorUpdate(BridgeConnectorSegment.java:371)
	at com.fivetran.donkey.decoupled.BridgeConnectorSegment.doRun(BridgeConnectorSegment.java:224)
	at com.fivetran.donkey.decoupled.BridgeConnectorSegment.runToCompletion(BridgeConnectorSegment.java:171)
	at com.fivetran.donkey.decoupled.BridgeDecoupledPipeline.connectorSegment(BridgeDecoupledPipeline.java:422)
	at java.base/java.util.concurrent.CompletableFuture$AsyncRun.run(CompletableFuture.java:1804)
	at java.base/java.util.concurrent.ThreadPoolExecutor.runWorker(ThreadPoolExecutor.java:1136)
	at java.base/java.util.concurrent.ThreadPoolExecutor$Worker.run(ThreadPoolExecutor.java:635)
	at java.base/java.lang.Thread.run(Thread.java:840)
	Suppressed: java.lang.RuntimeException: Unknown Instant format found: 2013-12-26 (through reference chain: java.lang.Object[][16]->com.fivetran.integrations.coupa.model.InvoiceHeader[""invoice-from-address""]->com.fivetran.integrations.coupa.model.SupplierRemitTo[""registered-company""]->com.fivetran.integrations.coupa.model.RegisteredCompany[""date-of-registration""])
		at com.fivetran.integrations.coupa.CoupaApi.queryPageNewPaginationMechanism(CoupaApi.java:330)
		at com.fivetran.integrations.coupa.CoupaApi.lambda$query$0(CoupaApi.java:251)
		at com.fivetran.integrations.coupa.NewPagedIterable$CoupaPagedIterator.next(NewPagedIterable.java:43)
		at com.fivetran.integrations.coupa.NewPagedIterable$CoupaPagedIterator.next(NewPagedIterable.java:29)
		at com.google.common.collect.TransformedIterator.next(TransformedIterator.java:52)
		at com.google.common.collect.Iterators$ConcatenatedIterator.hasNext(Iterators.java:1400)
		at com.fivetran.integrations.coupa.CoupaUpdater.handleUpdates(CoupaUpdater.java:349)
		at com.fivetran.integrations.coupa.CoupaUpdater.update(CoupaUpdater.java:376)
		at com.fivetran.integrations.coupa.CoupaUpdater.update(CoupaUpdater.java:355)
		at com.fivetran.integrations.coupa.CoupaUpdater.lambda$update$36(CoupaUpdater.java:281)
		at com.fivetran.integrations.isolated_endpoint_sync.IsolatedEndpointSync.run(IsolatedEndpointSync.java:39)
		at com.fivetran.integrations.coupa.CoupaUpdater.update(CoupaUpdater.java:281)
		... 10 more","=HYPERLINK(""https://one.newrelic.com/launcher/logger.log-launcher?launcher=eyJxdWVyeSI6ICJsYWJlbHMuYXBwLmt1YmVybmV0ZXMuaW8vbmFtZTpcImRvbmtleVwiIE9SIGxhYmVscy5hcHA6ZG9ua2V5IGxhYmVscy5jb25uZWN0b3ItZGV0YWlsOidPdXRTeXN0ZW1zL1dhcmVob3VzZS9jb3VwYS9jb3VwYScgbGV2ZWw6U0VWRVJFIiwgImJlZ2luIjogMTcwNzI3Nzc4Mjk2NSwgImVuZCI6IDE3MDczNjQxODI5NjUsICJpc0VudGl0bGVkIjogdHJ1ZSwgImF0dHJzIjogWyJ0aW1lc3RhbXAiLCAibGV2ZWwiLCAiZXZlbnRfc3VtbWFyeSIsICJtZXNzYWdlIiwgImV4Y2VwdGlvbiIsICJ0aW1lIl19&platform[accountId]=2880887&platform[timeRange][begin_time]=1707277782965&platform[timeRange][end_time]=1707364182965"", ""OutSystems/Warehouse/coupa/coupa"")","=HYPERLINK(""https://fivetran.height.app/?newTask=saha-connector-uptime-exclusions-STwOMcjPhK3o"",""Create exclusion ticket"")"
workday,F5_Networks/TST_ENT_RAW/workday/workday.workers,0.999814762986604,"com.fivetran.core.CompleteWithTask: HTTP 500 Internal Server Error
	at com.fivetran.core.CompleteWithTask.create(CompleteWithTask.java:34)
	at com.fivetran.integrations.workday.WorkdayApi.handleServerSideError(WorkdayApi.java:158)
	at com.fivetran.integrations.workday.WorkdayApi.getReport(WorkdayApi.java:143)
	at com.fivetran.integrations.workday.WorkdayApi.getReportIterator(WorkdayApi.java:298)
	at com.fivetran.integrations.workday.WorkdayUpdater.update(WorkdayUpdater.java:67)
	at com.fivetran.integrations.workday.WorkdayService.update(WorkdayService.java:77)
	at com.fivetran.integrations.workday.WorkdayService.update(WorkdayService.java:17)
	at com.fivetran.donkey.decoupled.BridgeConnectorSegment.runConnectorUpdate(BridgeConnectorSegment.java:371)
	at com.fivetran.donkey.decoupled.BridgeConnectorSegment.doRun(BridgeConnectorSegment.java:224)
	at com.fivetran.donkey.decoupled.BridgeConnectorSegment.runToCompletion(BridgeConnectorSegment.java:171)
	at com.fivetran.donkey.decoupled.BridgeDecoupledPipeline.connectorSegment(BridgeDecoupledPipeline.java:422)
	at java.base/java.util.concurrent.CompletableFuture$AsyncRun.run(CompletableFuture.java:1804)
	at java.base/java.util.concurrent.ThreadPoolExecutor.runWorker(ThreadPoolExecutor.java:1136)
	at java.base/java.util.concurrent.ThreadPoolExecutor$Worker.run(ThreadPoolExecutor.java:635)
	at java.base/java.lang.Thread.run(Thread.java:840)
Caused by: java.lang.RuntimeException: HTTP 500 Internal Server Error
	at com.fivetran.integrations.workday.WorkdayApi.handleServerSideError(WorkdayApi.java:160)
	... 13 more","=HYPERLINK(""https://one.newrelic.com/launcher/logger.log-launcher?launcher=eyJxdWVyeSI6ICJsYWJlbHMuYXBwLmt1YmVybmV0ZXMuaW8vbmFtZTpcImRvbmtleVwiIE9SIGxhYmVscy5hcHA6ZG9ua2V5IGxhYmVscy5jb25uZWN0b3ItZGV0YWlsOidGNV9OZXR3b3Jrcy9UU1RfRU5UX1JBVy93b3JrZGF5L3dvcmtkYXkud29ya2VycycgbGV2ZWw6U0VWRVJFIiwgImJlZ2luIjogMTcwNzI3Nzc4Mjk2NSwgImVuZCI6IDE3MDczNjQxODI5NjUsICJpc0VudGl0bGVkIjogdHJ1ZSwgImF0dHJzIjogWyJ0aW1lc3RhbXAiLCAibGV2ZWwiLCAiZXZlbnRfc3VtbWFyeSIsICJtZXNzYWdlIiwgImV4Y2VwdGlvbiIsICJ0aW1lIl19&platform[accountId]=2880887&platform[timeRange][begin_time]=1707277782965&platform[timeRange][end_time]=1707364182965"", ""F5_Networks/TST_ENT_RAW/workday/workday.workers"")","=HYPERLINK(""https://fivetran.height.app/?newTask=saha-connector-uptime-exclusions-STwOMcjPhK3o"",""Create exclusion ticket"")"
workday,Duckcreek/SnowflakePC/workday/workday_dc_time_entries_with_comments.workday_dc_time_entries_with_comments,0.9927753005341324,"javax.ws.rs.NotAcceptableException: HTTP 406 Not Acceptable
	at org.glassfish.jersey.client.JerseyInvocation.convertToException(JerseyInvocation.java:954)
	at org.glassfish.jersey.client.JerseyInvocation.translate(JerseyInvocation.java:755)
	at org.glassfish.jersey.client.JerseyInvocation.lambda$invoke$1(JerseyInvocation.java:675)
	at org.glassfish.jersey.client.JerseyInvocation.call(JerseyInvocation.java:697)
	at org.glassfish.jersey.client.JerseyInvocation.lambda$runInScope$3(JerseyInvocation.java:691)
	at org.glassfish.jersey.internal.Errors.process(Errors.java:292)
	at org.glassfish.jersey.internal.Errors.process(Errors.java:274)
	at org.glassfish.jersey.internal.Errors.process(Errors.java:205)
	at org.glassfish.jersey.process.internal.RequestScope.runInScope(RequestScope.java:390)
	at org.glassfish.jersey.client.JerseyInvocation.runInScope(JerseyInvocation.java:691)
	at org.glassfish.jersey.client.JerseyInvocation.invoke(JerseyInvocation.java:674)
	at org.glassfish.jersey.client.JerseyInvocation$Builder.method(JerseyInvocation.java:422)
	at org.glassfish.jersey.client.JerseyInvocation$Builder.get(JerseyInvocation.java:318)
	at com.fivetran.integrations.workday.WorkdayApi.getReport(WorkdayApi.java:130)
	at com.fivetran.integrations.workday.WorkdayApi.getReportIterator(WorkdayApi.java:298)
	at com.fivetran.integrations.workday.WorkdayUpdater.update(WorkdayUpdater.java:67)
	at com.fivetran.integrations.workday.WorkdayService.update(WorkdayService.java:77)
	at com.fivetran.integrations.workday.WorkdayService.update(WorkdayService.java:17)
	at com.fivetran.donkey.decoupled.BridgeConnectorSegment.runConnectorUpdate(BridgeConnectorSegment.java:371)
	at com.fivetran.donkey.decoupled.BridgeConnectorSegment.doRun(BridgeConnectorSegment.java:224)
	at com.fivetran.donkey.decoupled.BridgeConnectorSegment.runToCompletion(BridgeConnectorSegment.java:171)
	at com.fivetran.donkey.decoupled.BridgeDecoupledPipeline.connectorSegment(BridgeDecoupledPipeline.java:422)
	at java.base/java.util.concurrent.CompletableFuture$AsyncRun.run(CompletableFuture.java:1804)
	at java.base/java.util.concurrent.ThreadPoolExecutor.runWorker(ThreadPoolExecutor.java:1136)
	at java.base/java.util.concurrent.ThreadPoolExecutor$Worker.run(ThreadPoolExecutor.java:635)
	at java.base/java.lang.Thread.run(Thread.java:840)","=HYPERLINK(""https://one.newrelic.com/launcher/logger.log-launcher?launcher=eyJxdWVyeSI6ICJsYWJlbHMuYXBwLmt1YmVybmV0ZXMuaW8vbmFtZTpcImRvbmtleVwiIE9SIGxhYmVscy5hcHA6ZG9ua2V5IGxhYmVscy5jb25uZWN0b3ItZGV0YWlsOidEdWNrY3JlZWsvU25vd2ZsYWtlUEMvd29ya2RheS93b3JrZGF5X2RjX3RpbWVfZW50cmllc193aXRoX2NvbW1lbnRzLndvcmtkYXlfZGNfdGltZV9lbnRyaWVzX3dpdGhfY29tbWVudHMnIGxldmVsOlNFVkVSRSIsICJiZWdpbiI6IDE3MDcyNzc3ODI5NjUsICJlbmQiOiAxNzA3MzY0MTgyOTY1LCAiaXNFbnRpdGxlZCI6IHRydWUsICJhdHRycyI6IFsidGltZXN0YW1wIiwgImxldmVsIiwgImV2ZW50X3N1bW1hcnkiLCAibWVzc2FnZSIsICJleGNlcHRpb24iLCAidGltZSJdfQ==&platform[accountId]=2880887&platform[timeRange][begin_time]=1707277782965&platform[timeRange][end_time]=1707364182965"", ""Duckcreek/SnowflakePC/workday/workday_dc_time_entries_with_comments.workday_dc_time_entries_with_comments"")","=HYPERLINK(""https://fivetran.height.app/?newTask=saha-connector-uptime-exclusions-STwOMcjPhK3o"",""Create exclusion ticket"")"
workday,F5_Networks/TST_ENT_RAW/workday/workday.candidates,0.9988012812714591,"com.fivetran.core.CompleteWithTask: HTTP 500 Internal Server Error
	at com.fivetran.core.CompleteWithTask.create(CompleteWithTask.java:34)
	at com.fivetran.integrations.workday.WorkdayApi.handleServerSideError(WorkdayApi.java:158)
	at com.fivetran.integrations.workday.WorkdayApi.getReport(WorkdayApi.java:143)
	at com.fivetran.integrations.workday.WorkdayApi.getReportIterator(WorkdayApi.java:298)
	at com.fivetran.integrations.workday.WorkdayUpdater.update(WorkdayUpdater.java:67)
	at com.fivetran.integrations.workday.WorkdayService.update(WorkdayService.java:77)
	at com.fivetran.integrations.workday.WorkdayService.update(WorkdayService.java:17)
	at com.fivetran.donkey.decoupled.BridgeConnectorSegment.runConnectorUpdate(BridgeConnectorSegment.java:371)
	at com.fivetran.donkey.decoupled.BridgeConnectorSegment.doRun(BridgeConnectorSegment.java:224)
	at com.fivetran.donkey.decoupled.BridgeConnectorSegment.runToCompletion(BridgeConnectorSegment.java:171)
	at com.fivetran.donkey.decoupled.BridgeDecoupledPipeline.connectorSegment(BridgeDecoupledPipeline.java:422)
	at java.base/java.util.concurrent.CompletableFuture$AsyncRun.run(CompletableFuture.java:1804)
	at java.base/java.util.concurrent.ThreadPoolExecutor.runWorker(ThreadPoolExecutor.java:1136)
	at java.base/java.util.concurrent.ThreadPoolExecutor$Worker.run(ThreadPoolExecutor.java:635)
	at java.base/java.lang.Thread.run(Thread.java:840)
Caused by: java.lang.RuntimeException: HTTP 500 Internal Server Error
	at com.fivetran.integrations.workday.WorkdayApi.handleServerSideError(WorkdayApi.java:160)
	... 13 more","=HYPERLINK(""https://one.newrelic.com/launcher/logger.log-launcher?launcher=eyJxdWVyeSI6ICJsYWJlbHMuYXBwLmt1YmVybmV0ZXMuaW8vbmFtZTpcImRvbmtleVwiIE9SIGxhYmVscy5hcHA6ZG9ua2V5IGxhYmVscy5jb25uZWN0b3ItZGV0YWlsOidGNV9OZXR3b3Jrcy9UU1RfRU5UX1JBVy93b3JrZGF5L3dvcmtkYXkuY2FuZGlkYXRlcycgbGV2ZWw6U0VWRVJFIiwgImJlZ2luIjogMTcwNzI3Nzc4Mjk2NSwgImVuZCI6IDE3MDczNjQxODI5NjUsICJpc0VudGl0bGVkIjogdHJ1ZSwgImF0dHJzIjogWyJ0aW1lc3RhbXAiLCAibGV2ZWwiLCAiZXZlbnRfc3VtbWFyeSIsICJtZXNzYWdlIiwgImV4Y2VwdGlvbiIsICJ0aW1lIl19&platform[accountId]=2880887&platform[timeRange][begin_time]=1707277782965&platform[timeRange][end_time]=1707364182965"", ""F5_Networks/TST_ENT_RAW/workday/workday.candidates"")","=HYPERLINK(""https://fivetran.height.app/?newTask=saha-connector-uptime-exclusions-STwOMcjPhK3o"",""Create exclusion ticket"")"
workday,F5_Networks/STG_ENT_RAW/workday/workday.worker_snapshot,0.9899942072320245,"com.fivetran.core.CompleteWithTask: HTTP 500 Internal Server Error
	at com.fivetran.core.CompleteWithTask.create(CompleteWithTask.java:34)
	at com.fivetran.integrations.workday.WorkdayApi.handleServerSideError(WorkdayApi.java:158)
	at com.fivetran.integrations.workday.WorkdayApi.getReport(WorkdayApi.java:143)
	at com.fivetran.integrations.workday.WorkdayApi.getReportIterator(WorkdayApi.java:298)
	at com.fivetran.integrations.workday.WorkdayUpdater.update(WorkdayUpdater.java:67)
	at com.fivetran.integrations.workday.WorkdayService.update(WorkdayService.java:77)
	at com.fivetran.integrations.workday.WorkdayService.update(WorkdayService.java:17)
	at com.fivetran.donkey.decoupled.BridgeConnectorSegment.runConnectorUpdate(BridgeConnectorSegment.java:371)
	at com.fivetran.donkey.decoupled.BridgeConnectorSegment.doRun(BridgeConnectorSegment.java:224)
	at com.fivetran.donkey.decoupled.BridgeConnectorSegment.runToCompletion(BridgeConnectorSegment.java:171)
	at com.fivetran.donkey.decoupled.BridgeDecoupledPipeline.connectorSegment(BridgeDecoupledPipeline.java:422)
	at java.base/java.util.concurrent.CompletableFuture$AsyncRun.run(CompletableFuture.java:1804)
	at java.base/java.util.concurrent.ThreadPoolExecutor.runWorker(ThreadPoolExecutor.java:1136)
	at java.base/java.util.concurrent.ThreadPoolExecutor$Worker.run(ThreadPoolExecutor.java:635)
	at java.base/java.lang.Thread.run(Thread.java:840)
Caused by: java.lang.RuntimeException: HTTP 500 Internal Server Error
	at com.fivetran.integrations.workday.WorkdayApi.handleServerSideError(WorkdayApi.java:160)
	... 13 more","=HYPERLINK(""https://one.newrelic.com/launcher/logger.log-launcher?launcher=eyJxdWVyeSI6ICJsYWJlbHMuYXBwLmt1YmVybmV0ZXMuaW8vbmFtZTpcImRvbmtleVwiIE9SIGxhYmVscy5hcHA6ZG9ua2V5IGxhYmVscy5jb25uZWN0b3ItZGV0YWlsOidGNV9OZXR3b3Jrcy9TVEdfRU5UX1JBVy93b3JrZGF5L3dvcmtkYXkud29ya2VyX3NuYXBzaG90JyBsZXZlbDpTRVZFUkUiLCAiYmVnaW4iOiAxNzA3Mjc3NzgyOTY1LCAiZW5kIjogMTcwNzM2NDE4Mjk2NSwgImlzRW50aXRsZWQiOiB0cnVlLCAiYXR0cnMiOiBbInRpbWVzdGFtcCIsICJsZXZlbCIsICJldmVudF9zdW1tYXJ5IiwgIm1lc3NhZ2UiLCAiZXhjZXB0aW9uIiwgInRpbWUiXX0=&platform[accountId]=2880887&platform[timeRange][begin_time]=1707277782965&platform[timeRange][end_time]=1707364182965"", ""F5_Networks/STG_ENT_RAW/workday/workday.worker_snapshot"")","=HYPERLINK(""https://fivetran.height.app/?newTask=saha-connector-uptime-exclusions-STwOMcjPhK3o"",""Create exclusion ticket"")"
workday,Databricks_34/BSE_HR_Data_Dev/workday/workday.compensation,0.9768204946629754,"Could not fetch error message, Please check using new relic log link","=HYPERLINK(""https://one.newrelic.com/launcher/logger.log-launcher?launcher=eyJxdWVyeSI6ICJsYWJlbHMuYXBwLmt1YmVybmV0ZXMuaW8vbmFtZTpcImRvbmtleVwiIE9SIGxhYmVscy5hcHA6ZG9ua2V5IGxhYmVscy5jb25uZWN0b3ItZGV0YWlsOidEYXRhYnJpY2tzXzM0L0JTRV9IUl9EYXRhX0Rldi93b3JrZGF5L3dvcmtkYXkuY29tcGVuc2F0aW9uJyBsZXZlbDpTRVZFUkUiLCAiYmVnaW4iOiAxNzA3Mjc3NzgyOTY1LCAiZW5kIjogMTcwNzM2NDE4Mjk2NSwgImlzRW50aXRsZWQiOiB0cnVlLCAiYXR0cnMiOiBbInRpbWVzdGFtcCIsICJsZXZlbCIsICJldmVudF9zdW1tYXJ5IiwgIm1lc3NhZ2UiLCAiZXhjZXB0aW9uIiwgInRpbWUiXX0=&platform[accountId]=2880887&platform[timeRange][begin_time]=1707277782965&platform[timeRange][end_time]=1707364182965"", ""Databricks_34/BSE_HR_Data_Dev/workday/workday.compensation"")","=HYPERLINK(""https://fivetran.height.app/?newTask=saha-connector-uptime-exclusions-STwOMcjPhK3o"",""Create exclusion ticket"")"
workday,Dojo/bigquery_mdm_prod/workday/fivetran_workday.journal_activity,0.9994281023678997,"com.fivetran.core.CompleteWithTask: HTTP 500 Internal Server Error
	at com.fivetran.core.CompleteWithTask.create(CompleteWithTask.java:34)
	at com.fivetran.integrations.workday.WorkdayApi.handleServerSideError(WorkdayApi.java:158)
	at com.fivetran.integrations.workday.WorkdayApi.getReport(WorkdayApi.java:143)
	at com.fivetran.integrations.workday.WorkdayApi.getReportIterator(WorkdayApi.java:298)
	at com.fivetran.integrations.workday.WorkdayUpdater.update(WorkdayUpdater.java:67)
	at com.fivetran.integrations.workday.WorkdayService.update(WorkdayService.java:77)
	at com.fivetran.integrations.workday.WorkdayService.update(WorkdayService.java:17)
	at com.fivetran.donkey.decoupled.BridgeConnectorSegment.runConnectorUpdate(BridgeConnectorSegment.java:371)
	at com.fivetran.donkey.decoupled.BridgeConnectorSegment.doRun(BridgeConnectorSegment.java:224)
	at com.fivetran.donkey.decoupled.BridgeConnectorSegment.runToCompletion(BridgeConnectorSegment.java:171)
	at com.fivetran.donkey.decoupled.BridgeDecoupledPipeline.connectorSegment(BridgeDecoupledPipeline.java:422)
	at java.base/java.util.concurrent.CompletableFuture$AsyncRun.run(CompletableFuture.java:1804)
	at java.base/java.util.concurrent.ThreadPoolExecutor.runWorker(ThreadPoolExecutor.java:1136)
	at java.base/java.util.concurrent.ThreadPoolExecutor$Worker.run(ThreadPoolExecutor.java:635)
	at java.base/java.lang.Thread.run(Thread.java:840)
Caused by: java.lang.RuntimeException: HTTP 500 Internal Server Error
	at com.fivetran.integrations.workday.WorkdayApi.handleServerSideError(WorkdayApi.java:160)
	... 13 more","=HYPERLINK(""https://one.newrelic.com/launcher/logger.log-launcher?launcher=eyJxdWVyeSI6ICJsYWJlbHMuYXBwLmt1YmVybmV0ZXMuaW8vbmFtZTpcImRvbmtleVwiIE9SIGxhYmVscy5hcHA6ZG9ua2V5IGxhYmVscy5jb25uZWN0b3ItZGV0YWlsOidEb2pvL2JpZ3F1ZXJ5X21kbV9wcm9kL3dvcmtkYXkvZml2ZXRyYW5fd29ya2RheS5qb3VybmFsX2FjdGl2aXR5JyBsZXZlbDpTRVZFUkUiLCAiYmVnaW4iOiAxNzA3Mjc3NzgyOTY1LCAiZW5kIjogMTcwNzM2NDE4Mjk2NSwgImlzRW50aXRsZWQiOiB0cnVlLCAiYXR0cnMiOiBbInRpbWVzdGFtcCIsICJsZXZlbCIsICJldmVudF9zdW1tYXJ5IiwgIm1lc3NhZ2UiLCAiZXhjZXB0aW9uIiwgInRpbWUiXX0=&platform[accountId]=2880887&platform[timeRange][begin_time]=1707277782965&platform[timeRange][end_time]=1707364182965"", ""Dojo/bigquery_mdm_prod/workday/fivetran_workday.journal_activity"")","=HYPERLINK(""https://fivetran.height.app/?newTask=saha-connector-uptime-exclusions-STwOMcjPhK3o"",""Create exclusion ticket"")"
workday,F5_Networks/TST_ENT_RAW/workday/workday.worker_snapshot,0.9996970464366429,"com.fivetran.core.CompleteWithTask: HTTP 500 Internal Server Error
	at com.fivetran.core.CompleteWithTask.create(CompleteWithTask.java:34)
	at com.fivetran.integrations.workday.WorkdayApi.handleServerSideError(WorkdayApi.java:158)
	at com.fivetran.integrations.workday.WorkdayApi.getReport(WorkdayApi.java:143)
	at com.fivetran.integrations.workday.WorkdayApi.getReportIterator(WorkdayApi.java:298)
	at com.fivetran.integrations.workday.WorkdayUpdater.update(WorkdayUpdater.java:67)
	at com.fivetran.integrations.workday.WorkdayService.update(WorkdayService.java:77)
	at com.fivetran.integrations.workday.WorkdayService.update(WorkdayService.java:17)
	at com.fivetran.donkey.decoupled.BridgeConnectorSegment.runConnectorUpdate(BridgeConnectorSegment.java:371)
	at com.fivetran.donkey.decoupled.BridgeConnectorSegment.doRun(BridgeConnectorSegment.java:224)
	at com.fivetran.donkey.decoupled.BridgeConnectorSegment.runToCompletion(BridgeConnectorSegment.java:171)
	at com.fivetran.donkey.decoupled.BridgeDecoupledPipeline.connectorSegment(BridgeDecoupledPipeline.java:422)
	at java.base/java.util.concurrent.CompletableFuture$AsyncRun.run(CompletableFuture.java:1804)
	at java.base/java.util.concurrent.ThreadPoolExecutor.runWorker(ThreadPoolExecutor.java:1136)
	at java.base/java.util.concurrent.ThreadPoolExecutor$Worker.run(ThreadPoolExecutor.java:635)
	at java.base/java.lang.Thread.run(Thread.java:840)
Caused by: java.lang.RuntimeException: HTTP 500 Internal Server Error
	at com.fivetran.integrations.workday.WorkdayApi.handleServerSideError(WorkdayApi.java:160)
	... 13 more","=HYPERLINK(""https://one.newrelic.com/launcher/logger.log-launcher?launcher=eyJxdWVyeSI6ICJsYWJlbHMuYXBwLmt1YmVybmV0ZXMuaW8vbmFtZTpcImRvbmtleVwiIE9SIGxhYmVscy5hcHA6ZG9ua2V5IGxhYmVscy5jb25uZWN0b3ItZGV0YWlsOidGNV9OZXR3b3Jrcy9UU1RfRU5UX1JBVy93b3JrZGF5L3dvcmtkYXkud29ya2VyX3NuYXBzaG90JyBsZXZlbDpTRVZFUkUiLCAiYmVnaW4iOiAxNzA3Mjc3NzgyOTY1LCAiZW5kIjogMTcwNzM2NDE4Mjk2NSwgImlzRW50aXRsZWQiOiB0cnVlLCAiYXR0cnMiOiBbInRpbWVzdGFtcCIsICJsZXZlbCIsICJldmVudF9zdW1tYXJ5IiwgIm1lc3NhZ2UiLCAiZXhjZXB0aW9uIiwgInRpbWUiXX0=&platform[accountId]=2880887&platform[timeRange][begin_time]=1707277782965&platform[timeRange][end_time]=1707364182965"", ""F5_Networks/TST_ENT_RAW/workday/workday.worker_snapshot"")","=HYPERLINK(""https://fivetran.height.app/?newTask=saha-connector-uptime-exclusions-STwOMcjPhK3o"",""Create exclusion ticket"")"
workday,F5_Networks/STG_ENT_RAW/workday/workday.candidates,0.9932604602897597,"com.fivetran.core.CompleteWithTask: HTTP 500 Internal Server Error
	at com.fivetran.core.CompleteWithTask.create(CompleteWithTask.java:34)
	at com.fivetran.integrations.workday.WorkdayApi.handleServerSideError(WorkdayApi.java:158)
	at com.fivetran.integrations.workday.WorkdayApi.getReport(WorkdayApi.java:143)
	at com.fivetran.integrations.workday.WorkdayApi.getReportIterator(WorkdayApi.java:298)
	at com.fivetran.integrations.workday.WorkdayUpdater.update(WorkdayUpdater.java:67)
	at com.fivetran.integrations.workday.WorkdayService.update(WorkdayService.java:77)
	at com.fivetran.integrations.workday.WorkdayService.update(WorkdayService.java:17)
	at com.fivetran.donkey.decoupled.BridgeConnectorSegment.runConnectorUpdate(BridgeConnectorSegment.java:371)
	at com.fivetran.donkey.decoupled.BridgeConnectorSegment.doRun(BridgeConnectorSegment.java:224)
	at com.fivetran.donkey.decoupled.BridgeConnectorSegment.runToCompletion(BridgeConnectorSegment.java:171)
	at com.fivetran.donkey.decoupled.BridgeDecoupledPipeline.connectorSegment(BridgeDecoupledPipeline.java:422)
	at java.base/java.util.concurrent.CompletableFuture$AsyncRun.run(CompletableFuture.java:1804)
	at java.base/java.util.concurrent.ThreadPoolExecutor.runWorker(ThreadPoolExecutor.java:1136)
	at java.base/java.util.concurrent.ThreadPoolExecutor$Worker.run(ThreadPoolExecutor.java:635)
	at java.base/java.lang.Thread.run(Thread.java:840)
Caused by: java.lang.RuntimeException: HTTP 500 Internal Server Error
	at com.fivetran.integrations.workday.WorkdayApi.handleServerSideError(WorkdayApi.java:160)
	... 13 more","=HYPERLINK(""https://one.newrelic.com/launcher/logger.log-launcher?launcher=eyJxdWVyeSI6ICJsYWJlbHMuYXBwLmt1YmVybmV0ZXMuaW8vbmFtZTpcImRvbmtleVwiIE9SIGxhYmVscy5hcHA6ZG9ua2V5IGxhYmVscy5jb25uZWN0b3ItZGV0YWlsOidGNV9OZXR3b3Jrcy9TVEdfRU5UX1JBVy93b3JrZGF5L3dvcmtkYXkuY2FuZGlkYXRlcycgbGV2ZWw6U0VWRVJFIiwgImJlZ2luIjogMTcwNzI3Nzc4Mjk2NSwgImVuZCI6IDE3MDczNjQxODI5NjUsICJpc0VudGl0bGVkIjogdHJ1ZSwgImF0dHJzIjogWyJ0aW1lc3RhbXAiLCAibGV2ZWwiLCAiZXZlbnRfc3VtbWFyeSIsICJtZXNzYWdlIiwgImV4Y2VwdGlvbiIsICJ0aW1lIl19&platform[accountId]=2880887&platform[timeRange][begin_time]=1707277782965&platform[timeRange][end_time]=1707364182965"", ""F5_Networks/STG_ENT_RAW/workday/workday.candidates"")","=HYPERLINK(""https://fivetran.height.app/?newTask=saha-connector-uptime-exclusions-STwOMcjPhK3o"",""Create exclusion ticket"")"
workday,F5_Networks/STG_ENT_RAW/workday/workday.requisitions,0.9904431827982585,"com.fivetran.core.CompleteWithTask: HTTP 500 Internal Server Error
	at com.fivetran.core.CompleteWithTask.create(CompleteWithTask.java:34)
	at com.fivetran.integrations.workday.WorkdayApi.handleServerSideError(WorkdayApi.java:158)
	at com.fivetran.integrations.workday.WorkdayApi.getReport(WorkdayApi.java:143)
	at com.fivetran.integrations.workday.WorkdayApi.getReportIterator(WorkdayApi.java:298)
	at com.fivetran.integrations.workday.WorkdayUpdater.update(WorkdayUpdater.java:67)
	at com.fivetran.integrations.workday.WorkdayService.update(WorkdayService.java:77)
	at com.fivetran.integrations.workday.WorkdayService.update(WorkdayService.java:17)
	at com.fivetran.donkey.decoupled.BridgeConnectorSegment.runConnectorUpdate(BridgeConnectorSegment.java:371)
	at com.fivetran.donkey.decoupled.BridgeConnectorSegment.doRun(BridgeConnectorSegment.java:224)
	at com.fivetran.donkey.decoupled.BridgeConnectorSegment.runToCompletion(BridgeConnectorSegment.java:171)
	at com.fivetran.donkey.decoupled.BridgeDecoupledPipeline.connectorSegment(BridgeDecoupledPipeline.java:422)
	at java.base/java.util.concurrent.CompletableFuture$AsyncRun.run(CompletableFuture.java:1804)
	at java.base/java.util.concurrent.ThreadPoolExecutor.runWorker(ThreadPoolExecutor.java:1136)
	at java.base/java.util.concurrent.ThreadPoolExecutor$Worker.run(ThreadPoolExecutor.java:635)
	at java.base/java.lang.Thread.run(Thread.java:840)
Caused by: java.lang.RuntimeException: HTTP 500 Internal Server Error
	at com.fivetran.integrations.workday.WorkdayApi.handleServerSideError(WorkdayApi.java:160)
	... 13 more","=HYPERLINK(""https://one.newrelic.com/launcher/logger.log-launcher?launcher=eyJxdWVyeSI6ICJsYWJlbHMuYXBwLmt1YmVybmV0ZXMuaW8vbmFtZTpcImRvbmtleVwiIE9SIGxhYmVscy5hcHA6ZG9ua2V5IGxhYmVscy5jb25uZWN0b3ItZGV0YWlsOidGNV9OZXR3b3Jrcy9TVEdfRU5UX1JBVy93b3JrZGF5L3dvcmtkYXkucmVxdWlzaXRpb25zJyBsZXZlbDpTRVZFUkUiLCAiYmVnaW4iOiAxNzA3Mjc3NzgyOTY1LCAiZW5kIjogMTcwNzM2NDE4Mjk2NSwgImlzRW50aXRsZWQiOiB0cnVlLCAiYXR0cnMiOiBbInRpbWVzdGFtcCIsICJsZXZlbCIsICJldmVudF9zdW1tYXJ5IiwgIm1lc3NhZ2UiLCAiZXhjZXB0aW9uIiwgInRpbWUiXX0=&platform[accountId]=2880887&platform[timeRange][begin_time]=1707277782965&platform[timeRange][end_time]=1707364182965"", ""F5_Networks/STG_ENT_RAW/workday/workday.requisitions"")","=HYPERLINK(""https://fivetran.height.app/?newTask=saha-connector-uptime-exclusions-STwOMcjPhK3o"",""Create exclusion ticket"")"
workday,F5_Networks/STG_ENT_RAW/workday/workday.workers,0.9905252678184252,"com.fivetran.core.CompleteWithTask: HTTP 500 Internal Server Error
	at com.fivetran.core.CompleteWithTask.create(CompleteWithTask.java:34)
	at com.fivetran.integrations.workday.WorkdayApi.handleServerSideError(WorkdayApi.java:158)
	at com.fivetran.integrations.workday.WorkdayApi.getReport(WorkdayApi.java:143)
	at com.fivetran.integrations.workday.WorkdayApi.getReportIterator(WorkdayApi.java:298)
	at com.fivetran.integrations.workday.WorkdayUpdater.update(WorkdayUpdater.java:67)
	at com.fivetran.integrations.workday.WorkdayService.update(WorkdayService.java:77)
	at com.fivetran.integrations.workday.WorkdayService.update(WorkdayService.java:17)
	at com.fivetran.donkey.decoupled.BridgeConnectorSegment.runConnectorUpdate(BridgeConnectorSegment.java:371)
	at com.fivetran.donkey.decoupled.BridgeConnectorSegment.doRun(BridgeConnectorSegment.java:224)
	at com.fivetran.donkey.decoupled.BridgeConnectorSegment.runToCompletion(BridgeConnectorSegment.java:171)
	at com.fivetran.donkey.decoupled.BridgeDecoupledPipeline.connectorSegment(BridgeDecoupledPipeline.java:422)
	at java.base/java.util.concurrent.CompletableFuture$AsyncRun.run(CompletableFuture.java:1804)
	at java.base/java.util.concurrent.ThreadPoolExecutor.runWorker(ThreadPoolExecutor.java:1136)
	at java.base/java.util.concurrent.ThreadPoolExecutor$Worker.run(ThreadPoolExecutor.java:635)
	at java.base/java.lang.Thread.run(Thread.java:840)
Caused by: java.lang.RuntimeException: HTTP 500 Internal Server Error
	at com.fivetran.integrations.workday.WorkdayApi.handleServerSideError(WorkdayApi.java:160)
	... 13 more","=HYPERLINK(""https://one.newrelic.com/launcher/logger.log-launcher?launcher=eyJxdWVyeSI6ICJsYWJlbHMuYXBwLmt1YmVybmV0ZXMuaW8vbmFtZTpcImRvbmtleVwiIE9SIGxhYmVscy5hcHA6ZG9ua2V5IGxhYmVscy5jb25uZWN0b3ItZGV0YWlsOidGNV9OZXR3b3Jrcy9TVEdfRU5UX1JBVy93b3JrZGF5L3dvcmtkYXkud29ya2VycycgbGV2ZWw6U0VWRVJFIiwgImJlZ2luIjogMTcwNzI3Nzc4Mjk2NSwgImVuZCI6IDE3MDczNjQxODI5NjUsICJpc0VudGl0bGVkIjogdHJ1ZSwgImF0dHJzIjogWyJ0aW1lc3RhbXAiLCAibGV2ZWwiLCAiZXZlbnRfc3VtbWFyeSIsICJtZXNzYWdlIiwgImV4Y2VwdGlvbiIsICJ0aW1lIl19&platform[accountId]=2880887&platform[timeRange][begin_time]=1707277782965&platform[timeRange][end_time]=1707364182965"", ""F5_Networks/STG_ENT_RAW/workday/workday.workers"")","=HYPERLINK(""https://fivetran.height.app/?newTask=saha-connector-uptime-exclusions-STwOMcjPhK3o"",""Create exclusion ticket"")"
workday,F5_Networks/TST_ENT_RAW/workday/workday.requisitions,0.9988107040478331,"com.fivetran.core.CompleteWithTask: HTTP 500 Internal Server Error
	at com.fivetran.core.CompleteWithTask.create(CompleteWithTask.java:34)
	at com.fivetran.integrations.workday.WorkdayApi.handleServerSideError(WorkdayApi.java:158)
	at com.fivetran.integrations.workday.WorkdayApi.getReport(WorkdayApi.java:143)
	at com.fivetran.integrations.workday.WorkdayApi.getReportIterator(WorkdayApi.java:298)
	at com.fivetran.integrations.workday.WorkdayUpdater.update(WorkdayUpdater.java:67)
	at com.fivetran.integrations.workday.WorkdayService.update(WorkdayService.java:77)
	at com.fivetran.integrations.workday.WorkdayService.update(WorkdayService.java:17)
	at com.fivetran.donkey.decoupled.BridgeConnectorSegment.runConnectorUpdate(BridgeConnectorSegment.java:371)
	at com.fivetran.donkey.decoupled.BridgeConnectorSegment.doRun(BridgeConnectorSegment.java:224)
	at com.fivetran.donkey.decoupled.BridgeConnectorSegment.runToCompletion(BridgeConnectorSegment.java:171)
	at com.fivetran.donkey.decoupled.BridgeDecoupledPipeline.connectorSegment(BridgeDecoupledPipeline.java:422)
	at java.base/java.util.concurrent.CompletableFuture$AsyncRun.run(CompletableFuture.java:1804)
	at java.base/java.util.concurrent.ThreadPoolExecutor.runWorker(ThreadPoolExecutor.java:1136)
	at java.base/java.util.concurrent.ThreadPoolExecutor$Worker.run(ThreadPoolExecutor.java:635)
	at java.base/java.lang.Thread.run(Thread.java:840)
Caused by: java.lang.RuntimeException: HTTP 500 Internal Server Error
	at com.fivetran.integrations.workday.WorkdayApi.handleServerSideError(WorkdayApi.java:160)
	... 13 more","=HYPERLINK(""https://one.newrelic.com/launcher/logger.log-launcher?launcher=eyJxdWVyeSI6ICJsYWJlbHMuYXBwLmt1YmVybmV0ZXMuaW8vbmFtZTpcImRvbmtleVwiIE9SIGxhYmVscy5hcHA6ZG9ua2V5IGxhYmVscy5jb25uZWN0b3ItZGV0YWlsOidGNV9OZXR3b3Jrcy9UU1RfRU5UX1JBVy93b3JrZGF5L3dvcmtkYXkucmVxdWlzaXRpb25zJyBsZXZlbDpTRVZFUkUiLCAiYmVnaW4iOiAxNzA3Mjc3NzgyOTY1LCAiZW5kIjogMTcwNzM2NDE4Mjk2NSwgImlzRW50aXRsZWQiOiB0cnVlLCAiYXR0cnMiOiBbInRpbWVzdGFtcCIsICJsZXZlbCIsICJldmVudF9zdW1tYXJ5IiwgIm1lc3NhZ2UiLCAiZXhjZXB0aW9uIiwgInRpbWUiXX0=&platform[accountId]=2880887&platform[timeRange][begin_time]=1707277782965&platform[timeRange][end_time]=1707364182965"", ""F5_Networks/TST_ENT_RAW/workday/workday.requisitions"")","=HYPERLINK(""https://fivetran.height.app/?newTask=saha-connector-uptime-exclusions-STwOMcjPhK3o"",""Create exclusion ticket"")"
workday,F5_Networks/TST_ENT_RAW/workday/workday.futurehires,0.9988154450499208,"com.fivetran.core.CompleteWithTask: HTTP 500 Internal Server Error
	at com.fivetran.core.CompleteWithTask.create(CompleteWithTask.java:34)
	at com.fivetran.integrations.workday.WorkdayApi.handleServerSideError(WorkdayApi.java:158)
	at com.fivetran.integrations.workday.WorkdayApi.getReport(WorkdayApi.java:143)
	at com.fivetran.integrations.workday.WorkdayApi.getReportIterator(WorkdayApi.java:298)
	at com.fivetran.integrations.workday.WorkdayUpdater.update(WorkdayUpdater.java:67)
	at com.fivetran.integrations.workday.WorkdayService.update(WorkdayService.java:77)
	at com.fivetran.integrations.workday.WorkdayService.update(WorkdayService.java:17)
	at com.fivetran.donkey.decoupled.BridgeConnectorSegment.runConnectorUpdate(BridgeConnectorSegment.java:371)
	at com.fivetran.donkey.decoupled.BridgeConnectorSegment.doRun(BridgeConnectorSegment.java:224)
	at com.fivetran.donkey.decoupled.BridgeConnectorSegment.runToCompletion(BridgeConnectorSegment.java:171)
	at com.fivetran.donkey.decoupled.BridgeDecoupledPipeline.connectorSegment(BridgeDecoupledPipeline.java:422)
	at java.base/java.util.concurrent.CompletableFuture$AsyncRun.run(CompletableFuture.java:1804)
	at java.base/java.util.concurrent.ThreadPoolExecutor.runWorker(ThreadPoolExecutor.java:1136)
	at java.base/java.util.concurrent.ThreadPoolExecutor$Worker.run(ThreadPoolExecutor.java:635)
	at java.base/java.lang.Thread.run(Thread.java:840)
Caused by: java.lang.RuntimeException: HTTP 500 Internal Server Error
	at com.fivetran.integrations.workday.WorkdayApi.handleServerSideError(WorkdayApi.java:160)
	... 13 more","=HYPERLINK(""https://one.newrelic.com/launcher/logger.log-launcher?launcher=eyJxdWVyeSI6ICJsYWJlbHMuYXBwLmt1YmVybmV0ZXMuaW8vbmFtZTpcImRvbmtleVwiIE9SIGxhYmVscy5hcHA6ZG9ua2V5IGxhYmVscy5jb25uZWN0b3ItZGV0YWlsOidGNV9OZXR3b3Jrcy9UU1RfRU5UX1JBVy93b3JrZGF5L3dvcmtkYXkuZnV0dXJlaGlyZXMnIGxldmVsOlNFVkVSRSIsICJiZWdpbiI6IDE3MDcyNzc3ODI5NjUsICJlbmQiOiAxNzA3MzY0MTgyOTY1LCAiaXNFbnRpdGxlZCI6IHRydWUsICJhdHRycyI6IFsidGltZXN0YW1wIiwgImxldmVsIiwgImV2ZW50X3N1bW1hcnkiLCAibWVzc2FnZSIsICJleGNlcHRpb24iLCAidGltZSJdfQ==&platform[accountId]=2880887&platform[timeRange][begin_time]=1707277782965&platform[timeRange][end_time]=1707364182965"", ""F5_Networks/TST_ENT_RAW/workday/workday.futurehires"")","=HYPERLINK(""https://fivetran.height.app/?newTask=saha-connector-uptime-exclusions-STwOMcjPhK3o"",""Create exclusion ticket"")"
workday_hcm,Talkdesk/PRD_GS_DW/workday_hcm/workday,0.9914884609406788,"com.fivetran.core.CompleteWithTask: SQL compilation error:
Table 'CANDIDATE' already exists, but current role has no privileges on it. If this is unexpected and you cannot resolve this problem, contact your system administrator. ACCOUNTADMIN role may be required to manage the privileges on the object.
	at com.fivetran.core.CompleteWithTask.create(CompleteWithTask.java:34)
	at com.fivetran.warehouses.snowflake.SnowflakeExceptionHandler.handleInsufficientPrivileges(SnowflakeExceptionHandler.java:237)
	at com.fivetran.warehouses.snowflake.SnowflakeExceptionHandler.handleAnyException(SnowflakeExceptionHandler.java:56)
	at com.fivetran.warehouses.snowflake.SnowflakeWriterDelegate.handleAnyException(SnowflakeWriterDelegate.java:1020)
	at com.fivetran.warehouses.common.SqlLikeDataWriter.assertTableSchema(SqlLikeDataWriter.java:614)
	at com.fivetran.warehouses.common.DataWriterObservabilityWrapper.lambda$assertTableSchema$2(DataWriterObservabilityWrapper.java:115)
	at com.fivetran.warehouses.common.DataWriterObservabilityHelper.timedRun(DataWriterObservabilityHelper.java:24)
	at com.fivetran.warehouses.common.DataWriterObservabilityWrapper.assertTableSchema(DataWriterObservabilityWrapper.java:115)
	at com.fivetran.core.impl.pipeline.destination.flush.load.DestinationLoader.lambda$assertSchemaWithRetry$24(DestinationLoader.java:533)
	at com.fivetran.core.impl.pipeline.destination.flush.load.DestinationLoader.updateSchemaWithRetryInternal(DestinationLoader.java:418)
	at com.fivetran.core.impl.pipeline.destination.flush.load.DestinationLoader.assertSchemaWithRetry(DestinationLoader.java:532)
	at com.fivetran.core.impl.pipeline.destination.flush.load.DestinationLoader.createOrUpdateTableSchema(DestinationLoader.java:547)
	at com.fivetran.core.impl.pipeline.destination.flush.load.DestinationLoader.lambda$triggerWarehouseBulkOperations$3(DestinationLoader.java:184)
	at com.fivetran.utils.timer.OperationTimer.record(OperationTimer.java:44)
	at com.fivetran.utils.timer.OperationTimer.timedRun(OperationTimer.java:90)
	at com.fivetran.core.impl.pipeline.destination.flush.load.DestinationLoader.triggerWarehouseBulkOperations(DestinationLoader.java:182)
	at com.fivetran.core.impl.pipeline.destination.flush.load.DestinationLoader.load(DestinationLoader.java:145)
	at com.fivetran.core.impl.pipeline.destination.flush.CoreFlushManager.lambda$loadAsync$6(CoreFlushManager.java:278)
	at java.base/java.util.concurrent.CompletableFuture.uniHandle(CompletableFuture.java:934)
	at java.base/java.util.concurrent.CompletableFuture$UniHandle.tryFire(CompletableFuture.java:911)
	at java.base/java.util.concurrent.CompletableFuture$Completion.run(CompletableFuture.java:482)
	at java.base/java.util.concurrent.ThreadPoolExecutor.runWorker(ThreadPoolExecutor.java:1136)
	at java.base/java.util.concurrent.ThreadPoolExecutor$Worker.run(ThreadPoolExecutor.java:635)
	at java.base/java.lang.Thread.run(Thread.java:840)
Caused by: net.snowflake.client.jdbc.SnowflakeSQLException: SQL compilation error:
Table 'CANDIDATE' already exists, but current role has no privileges on it. If this is unexpected and you cannot resolve this problem, contact your system administrator. ACCOUNTADMIN role may be required to manage the privileges on the object.
	at net.snowflake.client.jdbc.SnowflakeUtil.checkErrorAndThrowExceptionSub(SnowflakeUtil.java:129)
	at net.snowflake.client.jdbc.SnowflakeUtil.checkErrorAndThrowException(SnowflakeUtil.java:70)
	at net.snowflake.client.core.StmtUtil.pollForOutput(StmtUtil.java:456)
	at net.snowflake.client.core.StmtUtil.execute(StmtUtil.java:366)
	at net.snowflake.client.core.SFStatement.executeHelper(SFStatement.java:464)
	at net.snowflake.client.core.SFStatement.executeQueryInternal(SFStatement.java:192)
	at net.snowflake.client.core.SFStatement.executeQuery(SFStatement.java:129)
	at net.snowflake.client.core.SFStatement.execute(SFStatement.java:742)
	at net.snowflake.client.core.SFStatement.execute(SFStatement.java:652)
	at net.snowflake.client.jdbc.SnowflakeStatementV1.executeInternal(SnowflakeStatementV1.java:310)
	at net.snowflake.client.jdb","=HYPERLINK(""https://one.newrelic.com/launcher/logger.log-launcher?launcher=eyJxdWVyeSI6ICJsYWJlbHMuYXBwLmt1YmVybmV0ZXMuaW8vbmFtZTpcImRvbmtleVwiIE9SIGxhYmVscy5hcHA6ZG9ua2V5IGxhYmVscy5jb25uZWN0b3ItZGV0YWlsOidUYWxrZGVzay9QUkRfR1NfRFcvd29ya2RheV9oY20vd29ya2RheScgbGV2ZWw6U0VWRVJFIiwgImJlZ2luIjogMTcwNzI3Nzc4Mjk2NSwgImVuZCI6IDE3MDczNjQxODI5NjUsICJpc0VudGl0bGVkIjogdHJ1ZSwgImF0dHJzIjogWyJ0aW1lc3RhbXAiLCAibGV2ZWwiLCAiZXZlbnRfc3VtbWFyeSIsICJtZXNzYWdlIiwgImV4Y2VwdGlvbiIsICJ0aW1lIl19&platform[accountId]=2880887&platform[timeRange][begin_time]=1707277782965&platform[timeRange][end_time]=1707364182965"", ""Talkdesk/PRD_GS_DW/workday_hcm/workday"")","=HYPERLINK(""https://fivetran.height.app/?newTask=saha-connector-uptime-exclusions-STwOMcjPhK3o"",""Create exclusion ticket"")"
